,name,price
0,2004 Mercedes Benz E Class W211 E240,Rp. 225.000.000
1,"Mercedes Benz W211, E200 Th 2005",Rp. 125.000.000
2,Mercy E260 W211 Silver Suppeerrbb,Rp. 138.000.000
3,Mercy C200 Avg Cgi 2010 Black On Brown Rare,Rp. 215.000.000
4,2004 Mercedes Benz E260 2.6 E260 Sedan,Rp. 200.000.000
5,2005 Mercedes Benz E200k 1.8 W211 Sedan,Rp. 125.000.000
6,2005 Mercedes Benz E200k 1.8 W211 Sedan,Rp. 135.000.000
7,2005 Mercedes Benz E240 W211 Sedan,Rp. 180.000.000
8,2007 Mercedes Benz E280 3.0 W211 7g Tronic,Rp. 198.000.000
9,2009 Mercedes Benz E200k 1.8 W211 Sedan,Rp. 135.000.000
10,2008 Mercedes Benz E280 3.0 W211 Sedan,Rp. 285.000.000
11,2007 Mercedes Benz E280 Elegance W211,Rp. 175.000.000
12,2009 Mercedes Benz E200k 1.8 W211 Sedan,Rp. 98.000.000
13,W211 E320 Thn 2002 Rare + 25 Unit D Indo,Rp. 199.000.000
14,W211 E320 Thn 2002 Rare + 25 Unit D Indo,Rp. 209.000.000
15,2003 Mercedes Benz E500 5.0 Sedan W211 Highest Type Leather Int Panoramic Ortopedic P Back...,Rp. 385.000.000
16,2008 Mercedes Benz E200k 1.8 W211 Sedan,Mencari
17,2008 Mercedes Benz E280 3.0 W211 Sedan,Rp. 190.000.000
18,2006 Mercedes Benz E280 W211 Sedan,Rp. 225.000.000
19,Mercy / Mercedes Benz E280 W211 Cbu Built Up Panoramic Thn 2006 Rare Item,Rp. 235.000.000
20,"2004 Mercedes Benz E200k Low Km 1,8 Base Spec Sedan",Rp. 110.000.000
21,Mercy / Mercedes Benz E280 W211 Cbu Built Up Panoramic Thn 2006 Rare Item,Rp. 235.000.000
22,"2006 Mercedes Benz E280 3.0 W211 Sedan At 7g Tronic Dp 53,9 Jt",Rp. 139.000.000
23,2009 Mercedes Benz E200k 1.8 W211 Sedan,Rp. 105.000.000
24,2008 Mercedes Benz E280 3.0 W211 Sedan,Rp. 185.000.000
25,2008 Mercedes Benz E200k 1.8 W211 Sedan,Rp. 118.000.000
26,2008 Mercedes Benz E200k 1.8 W211 Sedan,Rp. 165.000.000
27,"2006 Mercedes Benz E280 3.0 W211 Sedan Avantgarde, Low Km 65.000, Rare Unit",Rp. 189.000.000
28,2007 Mercedes Benz E280 3.0 W211 Sedan,Rp. 155.000.000
29,Mercy E280 Avantgarde,Rp. 250.000.000
30,2009 Mercedes Benz E280 3.0 W211 Sedan,Rp. 250.000.000
31,2007 Mercedes Benz E280 3.0 W211 Sedan Plat S Mukmilan Jmbg Sekoto Kediri Jatim,Rp. 195.000.000
32,2009 Mercedes Benz E200k 1.8 W211 Sedan,Rp. 120.000.000
33,2006 Mercedes Benz E280 3.0 W211 Sedan,Rp. 155.000.000
34,2006 Mercedes Benz E280 3.0 W211 Sedan,Rp. 155.000.000
35,2005 Mercedes Benz E240 2.6 W211 Sedan,Rp. 130.000.000
36,Mercedes Benz E280 2008 7g Tronic W211 Black On Beige Full Or,Rp. 187.000.000
37,2008 Mercedes Benz E200k 1.8 W211 Sedan,Rp. 165.000.000
38,2007 Mercedes Benz E200k 1.8 W211 Sedan Sangat Terawat Pajak 2021,Rp. 128.000.000
39,2009 Mercedes Benz E280 3.0 W211 Sedan,Rp. 215.000.000
40,2005 Mercedes Benz E280 3.0 W211 Sedan Elegance First Edition Km 87rb Rawatan Bengkel Resm...,Rp. 159.000.000
41,Mercedes Benz E280 3.0 W211 2005,Rp. 165.000.000
42,2009 Mercedes Benz E200k 1.8 W211 Sedan,Rp. 152.000.000
43,2009 Mercedes Benz E200k 1.8 W211 Nopol Ganjil,Rp. 160.000.000
44,2008 Mercedes Benz E280 3.0 W211 Sedan,Rp. 198.000.000
45,2006 Mercedes Benz E280 3.0 W211 Sedan,Rp. 140.000.000
46,Mercedes Benz E200k 1.8 W211 Dp Minim Angsuran Minim,Rp. 145.000.000
47,2007 Mercedes Benz E280 3.0 W211 Sedan Dijual Di Yogyakarta,Rp. 165.000.000
48,2008 Mercedes Benz E280 3.0 W211 Sedan,Rp. 175.000.000
49,"2006 Mercedes Benz E280 3.0 W211 Sedan Elegance Matic, Tt Pajero, Avanza, Xenia, Innova",Rp. 155.000.000
50,2006 Mercedes Benz E280 3.0 W211 Sedan,Rp. 139.000.000
51,2008 Mercedes Benz E280 3.0 W211 Sedan,Rp. 189.000.000
52,E280 7g Tronic Nik. 2006 Serv. Record Hartono Cash N Kredit Sama,Rp. 144.000.000
53,2006 Mercedes Benz E280 2.4 W211 Sedan,Rp. 175.000.000
54,2008 Mercedes Benz E280 3.0 W211 Sedan,Rp. 195.000.000
55,2009 Mercedes Benz E200k 1.8 W211 Sedan,Rp. 169.000.000
56,2006 Mercedes Benz E280 W211 Sedan,Rp. 148.000.000
57,2002 Mercedes Benz E260 2.6 Elegance Sedan,Rp. 120.000.000
58,2009 Mercedes Benz E200k 1.8 W211 Sedan,Rp. 165.000.000
59,2008 Mercedes Benz E280 3.0 W211 Sedan,Rp. 194.000.000
60,2007 Mercedes Benz E280 3.0 W211 Sedan,Rp. 155.000.000
61,Mercedes Benz W211 E260,Rp. 120.000.000
62,Mercy E260 Elegance 2005 V6 W211 Very Mint Condition,Rp. 149.000.000
63,Mercy E260 Elegance 2005 V6 W211 Very Mint Condition,Rp. 149.000.000
64,Mercy E260 2003 W211 Elegance,Rp. 129.000.000
65,Mercedes E260 2002 Automatic W211,Rp. 140.000.000
66,Mercy E260 Elegance 2005 Silver Kendaraan Pribadi Plat Ganjil,Rp. 149.000.000
67,Jual Mercy E200 W211 Tahun 2008 Terawat,Rp. 178.000.000
68,Mercedes E280 W211 7gtronic 2008 Istimewa,Rp. 295.000.000
69,Mercy E260 W211 2006,Rp. 160.000.000
70,"Mercedez Benz E 240 Tahun 2003 Mulus, Siap Pakai, Istimewa",Rp. 129.000.000
71,Mercy E260 W211 Elegance 2003,Rp. 128.000.000
72,Mercy E260 Elegance 2005 V6 W211 Very Mint Condition,Rp. 149.000.000
73,Mercy E260 Elegane W211 2004 Istimewa,Rp. 132.000.000
74,Mercedes E260 Elegance 2002 W211 Mulus Terawat Siap Pakai. Mewah Bos,Rp. 125.000.000
75,"Mercedez Benz E 240 Tahun 2003 Mulus, Siap Pakai, Istimewa",Rp. 129.000.000
76,Mercy E260 Elegance 2005 V6 W211 Very Mint Condition,Rp. 149.000.000
77,Mercy E280 7g Tronic 2008 Kondisi Istimewa,Rp. 245.000.000
78,Mercedez Benz E260 W211 2003 Matic Km Rendah Pajak Panjang,Rp. 135.000.000
79,Mercy E260 Elegane W211 2004 Istimewa,Rp. 132.000.000
80,Mercy E260 W211 Thn 2005 Pjk Pjg Low Km,Rp. 137.000.000
81,Mercy E260 W211 2004 Mercedes Benz Pajak Feb 2020,Rp. 132.500.000
82,Mercedes E260 Elegance 2002 W211 Mulus Terawat Siap Pakai. Mewah Bos,Rp. 125.000.000
83,Mercedes E260 2002 Automatic W211,Rp. 140.000.000
84,Mercy E260 W211 Th 2004 Matic Km Rendah Pajak Baru,Rp. 139.000.000
85,Mercy E260 W211 2006,Rp. 160.000.000
86,W211 E280 At Cubanite Silver On Black Low Mileages,Rp. 147.000.000
87,W211 E200 2005,Rp. 125.000.000
88,Mercy E260 W211 Thn 2005 Pjk Pjg Low Km,Rp. 137.000.000
89,Mercy E260 Elegance 2005 Silver Kendaraan Pribadi Plat Ganjil,Rp. 149.000.000
90,Mercedes Benz Mercy E280 7g Tronic Tahun 2008 W211 Superb Condition,Rp. 195.000.000
91,Mercedesbenz W211 E260,Rp. 125.000.000
92,W211 E260 Elegance 2002,Rp. 145.000.000
93,Mercy E280 7g Tronic 2008 Kondisi Istimewa,Rp. 245.000.000
94,Mercy E260 W211 2003 Matic Km Rendah Pajak Panjang Dijual Bu,Rp. 138.000.000
95,Jual Mercedes Benz W211 E280,Rp. 260.000.000
96,Mercedes Benz W202 C240 Elegance Rare Item Lorinser,Rp. 85.000.000
97,2003 Mercedes Benz E260 Elegance Automatic.ori Interior Beige.km.73. Terawat.nopol B Dki J...,Rp. 127.000.000
98,2004 Mercedes Benz E55 Amg W211,Rp. 599.000.000
99,2004 Mercedes Benz E240 W211 Avantgarde,Rp. 275.000.000
100,Mobil Peugeot 2008 2008 Terbaik Di Dki Jakarta,Rp. 155.860.000
101,Mobil Wuling E200 2004 Terbaik Di Banten,Rp. 99.000.000
102,Mercedes Benz W211 E55 Amg V8 Supercharged 2004 Silver Atpm Fulloption,Rp. 575.000.000
103,Mercedes Benz E200 K W211 Tahun 2004 / 2005 Matic Hitam Terawat – Handy Autos,Rp. 144.000.000
104,Mercedes Benz E200 W211 Tahun 2005 / 2006 Matic Hitam Terawat – Handy Autos,Rp. 159.000.000
105,Mercedes Benz E280 7g Tronic Facelift 2009,Rp. 235.000.000
106,"2010 Chrysler 300c 3,5 Base Spec Sedan",Rp. 328.000.000
107,Mercedes Benz E260 W211 Tahun 2005 / 2006 Automatic Hitam,Rp. 129.000.000
108,Mercedes Benz E Class E 500 2003,Rp. 385.000.000
109,Mercedes Benz W211 E55 Amg Black On Black 2004,Rp. 575.000.000
110,Mercedes Benz W211 E240 Black On Beige 2003,Rp. 200.000.000
111,Mercedes Benz W211 E240 Avantgarde Silver On Black 2004,Rp. 290.000.000
112,Tdp 5 Jt Aja Daihatu Terios Ekstra At 2014 Hitam Metalik,Rp. 115.000.000
113,Mercedes Benz W210 E320 A/t,Rp. 93.000.000
114,Mercedes Benz E260 A/t Warna Abu Abu Tahun 2005 Terawat,Rp. 159.000.000
115,Mercedes Benz/mercy W211 E 200 Kompressor 2004 A/t Mint Condition,Rp. 125.000.000
116,Mercedes Benz/mercy W211 E 200 Kompressor 2004 A/t Mint Condition,Rp. 125.000.000
117,Mercedes Benz W211 E Classe E280 Elegance 2007,Rp. 167.500.000
118,Mercedes Benz E260 W211 A/t Elegance Tahun 2005 Abu Muda,Rp. 159.000.000
119,Mercedes W211 E280 7g Tronic 2009,Rp. 195.000.000
120,Mercy E240/260 Avantgarde 2004,Rp. 175.000.000
121,Mercy W211 Elegance E260 2003,Rp. 128.000.000
122,Mercedes Benz W211 E 280 Tahun 2008 Antik Low Km,Rp. 299.999.999
123,Mercedes Benz W211 / E240 At 2003,Rp. 150.000.000
124,Mercedes Benz E200k 2007 Nik 2009 W211 Super Condition Facelift,Rp. 160.000.000
125,Mercedes Benz E200 Kompressor W211 Facelift Very Rare Item Low Km,Rp. 155.000.000
126,Mercedes Benz W211 Facelift 2007 Km60rb Service Record Istimewa,Rp. 160.000.000
127,Merc Benz E 280 2006 At Harga Cash,Rp. 159.000.000
128,Mercedes Benz E260 W211 A/t Elegance Tahun 2005 Abu Muda,Rp. 159.000.000
129,Mercedes Benz/mercy W211 E 200 Kompressor 2004 A/t Mint Condition,Rp. 125.000.000
130,Mercedes Benz E260 A/t Warna Abu Abu Tahun 2005 Terawat,Rp. 159.000.000
131,Mercedes Benz E260 A/t Warna Abu Abu Tahun 2005 Terawat,Rp. 159.000.000
132,Mercy E200k/w211/supercharger Tahun 2005,Rp. 125.000.000
133,Mercedes Benz W211 E Classe E280 Elegance 2007,Rp. 167.500.000
134,Mercedes Benz/mercy W211 E 200 Kompressor 2004 A/t Mint Condition,Rp. 125.000.000
135,Mercedes Benz C240 2003 Istimewa !,Rp. 87.000.000
136,Mercy W211 E260 Atpm Premium 2003 Silver Km 73rb Asli Sangat Antik,Rp. 140.000.000
137,Mercedes Benz C240 2003 Istimewa !,Rp. 87.000.000
138,"Mercedes Benz W124, E 220 Mp '95 Manual.",Rp. 52.000.000
139,Mercedes Benz E260 W211 A/t Elegance Tahun 2005 Abu Muda,Rp. 159.000.000
140,Jual Cepat Mercedes Benz W211 E280 7g Tronic *premium 9th Edition*nego,Rp. 250.000.000
141,Mercy E 200 Kompresor W 211 Triptonik 2009 Pajak Pjg,Rp. 156.000.000
142,Mercedes Benz E240 Elegance W211 2003 Tdp.75jt,Rp. 72.500.000
143,Mercedes Benz W211 E 280 Tahun 2008 Antik Low Km,Rp. 299.999.999
144,Fs Mercedes E260 W211 Th 2006 Mint Condition,Rp. 143.500.000
145,Mercedes Benz E 260 2002 W211,Rp. 125.000.000
146,Mercedes Benz W211 240e Avantgard Tahun 2004 Cubanite Silver,Rp. 180.000.000
147,Mercedes Benz E240 Elegance W211 2003 Tdp.75jt,Rp. 72.500.000
148,Mercedes Benz W211 240e Avantgard Tahun 2004 Cubanite Silver,Rp. 180.000.000
149,Jual Cepat Mercedes Benz W211 E280 7g Tronic *premium 9th Edition*nego,Rp. 250.000.000
150,Mercedes Benz E260 W211 A/t Elegance Tahun 2005 Abu Muda,Rp. 159.000.000
151,Mercedes Benz E260 A/t Warna Abu Abu Tahun 2005 Terawat,Rp. 159.000.000
152,Mercedes W211 E240 2005 Mint Condition,Rp. 158.500.000
153,Mercedes Benz E260 W211 A/t Elegance Tahun 2005 Abu Muda,Rp. 159.000.000
154,Mercedes Benz W211 E260 Elegance,Rp. 105.000.000
155,Mercedes Benz W211 Facelift 2007 Km60rb Service Record Istimewa,Rp. 160.000.000
156,Mercedes Benz W211 E Classe E280 Elegance 2007,Rp. 167.500.000
157,Mercedes Benz E200 Kompressor W211 Facelift Very Rare Item Low Km,Rp. 155.000.000
158,Mercedes Benz W211 / E240 At 2003,Rp. 150.000.000
159,"Mercedes Benz W124, E 220 Mp '95 Manual.",Rp. 52.000.000
160,Mercy E 200 Kompresor W 211 Triptonik 2009 Pajak Pjg,Rp. 156.000.000
161,Tidak Bisa Keluar Batam Mercedes Benz E240 Elegance Cbu,Rp. 105.000.000
162,Mercedes Benz E240 Elegance 2004 W211 Low Mileage,Rp. 105.000.000
163,Mercy W211 E260 Atpm Premium 2003 Silver Km 73rb Asli Sangat Antik,Rp. 140.000.000
164,Mercedes Benz W211 E230,Rp. 195.000.000
165,Mercedes Benz W211 E240 2005 Avantgarde,Rp. 225.000.000
166,Mercedes Benz E200k 2007 Nik 2009 W211 Super Condition Facelift,Rp. 160.000.000
167,Mercedes Benz E260 A/t Warna Abu Abu Tahun 2005 Terawat,Rp. 159.000.000
168,Mercy W211 Elegance E260 2003,Rp. 128.000.000
169,Mercedes Benz E240 Elegance 2004 W211 Low Mileage,Rp. 105.000.000
170,Mercedes Benz E Class E 200 Kompressor,Rp. 345.000.000
171,Mercedes Benz E280 7g W211 Tahun 2007 Hitam Matic Handy Autos,Rp. 149.000.000
172,Mercedes Benz W211 E55 Amg Black On Black 2005,Rp. 595.000.000
173,Mercedes Benz E Class E 240 Avantgarde A/t,Rp. 425.000.000
174,Mercedes Benz E Class E 260 Elegance W211,Rp. 285.000.000
